doi,halId
10.1002/9781119341031.ch3,hal-01944915
10.1002/9781119341031.ch4,hal-01735022
10.1002/9781119341031.ch5,hal-01946504
10.1002/jsid.752,hal-01987255
10.1002/jsid.832,hal-02200576
10.1002/navi.254,hal-01896361
10.1007/1-84628-048-6_7,hal-01555279
10.1007/978-3-030-01790-3_12,hal-01947356
10.1007/978-3-030-76694-8,halshs-03329497
10.1007/978-3-030-76694-8_12,halshs-03329818
10.1007/978-3-319-51804-6,halshs-01541102
10.1007/978-3-319-51804-6_6,hal-01491469
10.1007/978-3-642-10595-1_5,halshs-01092994
10.1007/978-3-642-12326-9_13,hal-01347345
10.1007/978-3-642-19766-6_11,hal-01347331
10.1007/978-3-642-19789-5_14,hal-01347341
10.1007/978-3-642-24574-9_35,hal-01521481
10.1007/978-3-642-29063-3_18,hal-01347299
10.1007/978-3-642-31833-7_16,hal-01347216
10.1007/978-3-642-39330-3_57,hal-00850386
10.1007/978-3-658-11492-3_11,hal-02558010
10.1007/978-3-658-24161-2_5,hal-02557991
10.1007/978-3-658-25746-0_35,hal-02557946
10.1007/978-3-7091-1251-9_6,hal-01501962
10.1007/978-94-007-2540-9_2,hal-01347313
10.1007/978-94-017-9136-6_7,hal-01521560
10.1007/s10055-010-0173-7,hal-01521143
10.1007/s10546-004-9241-4,hal-00111637
10.1007/s11069-014-1538-0,hal-01121491
10.1016/j.apacoust.2003.11.002,hal-01555290
10.1016/j.apacoust.2004.09.004,hal-01555283
10.1016/j.biosystemseng.2014.08.017,hal-01526013
10.1016/j.buildenv.2009.11.011,hal-01145095
10.1016/j.buildenv.2011.02.001,hal-01145124
10.1016/j.buildenv.2013.12.012,hal-01870606
10.1016/j.buildenv.2017.08.009,hal-01630175
10.1016/j.chb.2020.106374,hal-02551772
10.1016/j.daach.2015.02.002,hal-01617172
10.1016/j.egypro.2015.11.088,hal-01799920
10.1016/j.egypro.2017.07.126,hal-01581748
10.1016/j.enbuild.2004.01.010,halshs-00573759
10.1016/j.enbuild.2011.02.010,hal-01870609
10.1016/j.enbuild.2012.08.048,hal-00947577
10.1016/j.enbuild.2015.06.030,hal-01583195
10.1016/j.enbuild.2015.06.032,hal-01799917
10.1016/j.foar.2016.02.001,halshs-01330999
10.1016/j.geoforum.2013.04.028,hal-00978316
10.1016/j.jretconser.2019.01.010,hal-01995916
10.1016/j.scs.2020.102633,hal-03046054
10.1016/j.uclim.2015.04.001,hal-01141712
10.1016/j.uclim.2015.07.004,hal-01667973
10.1016/j.uclim.2017.08.010,hal-01629430
10.1016/j.uclim.2018.04.005,hal-01790917
10.1016/j.uclim.2019.100457,hal-02086327
10.1016/jsolener.2015.08.031,hal-01251355
10.1016/s0169-7552(98)00176-7,hal-00816837
10.1016/s0926-5805(99)00046-1,hal-02562734
10.1017/dsd.2020.118,hal-02872397
10.1017/dsj.2020.15,hal-02898072
10.1017/dsj.2020.30,hal-03039827
10.1017/dsj.2021.3,hal-03296909
10.1017/pds.2021.557,hal-03319718
10.1017/pds.2021.87,hal-03319720
10.1017/ppr.2015.3,hal-01880375
10.1017/s0012217300002158,hal-01525429
10.1017/s0959774317000853,hal-01933083
10.1038/bmt.2016.151,hal-01331582
10.1051/3u3d/201202006,hal-01501831
10.1051/3u3d/201202007,hal-01521445
10.1051/3u3d/201202008,hal-01501907
10.1051/3u3d/201202009,hal-00738193
10.1051/3u3d/201203002,hal-02476304
10.1051/3u3d/201203007,hal-00768494
10.1051/shsconf/20184700001,hal-01903325
10.1051/shsconf/20184701003,hal-01916574
10.1051/shsconf/20184701011,hal-01903328
10.1051/shsconf/20184701012,hal-01944413
10.1051/shsconf/20184701015,hal-01906627
10.1051/shsconf/20196400002,hal-02288693
10.1051/shsconf/20196401006,hal-02280170
10.1051/shsconf/20196402003,hal-02288694
10.1051/shsconf/20196403005,hal-02273348
10.1051/shsconf/20208204004,hal-03112663
10.1061/(asce)ei.2643-9115.0000037,hal-03039834
10.1063/1.3106467,hal-01521498
10.1068/b32143,hal-00285927
10.1080/00087041.2020.1858608,hal-03321351
10.1080/13658816.2020.1800017,hal-02916059
10.1080/15230406.2021.1977709,hal-03374868
10.1080/15710882.2019.1572765,hal-02083897
10.1080/15710882.2019.1654524,hal-02273787
10.1080/17512549.2015.1043643,hal-01799921
10.1080/23729333.2021.1972787,hal-03411778
10.1088/1742-6596/1343/1/012007,hal-02372284
10.1088/1742-6596/2042/1/012128,hal-03445642
10.1093/ijlct/ctt049,hal-01145181
10.1108/ohi-02-2021-0039,hal-03451894
10.1108/s1871-317320190000016014,hal-02557981
10.1109/icalt.2013.169,hal-01977283
10.1109/icalt.2014.159,hal-01973160
10.1109/icip.2013.6738215,hal-01133153
10.1109/icip.2013.6738749,hal-01296969
10.1109/icip.2014.7025350,hal-01133244
10.1109/icsdm.2011.5969024,hal-01521483
10.1109/ipin.2016.7743619,hal-01451468
10.1109/isie.2010.5637503,hal-01521496
10.1109/ismar-adjunct.2017.86,hal-01616825
10.1109/ismar50242.2020.00024,hal-02924372
10.1109/ismar50242.2020.00028,hal-02911740
10.1109/ismar52148.2021.00064,hal-03378222
10.1109/mva.2015.7153164,hal-01812793
10.1109/tie.2011.2171173,hal-01015096
10.1109/tvcg.2015.2459897,hal-01276767
10.1109/vr.2015.7223418,hal-01140514
10.1109/vr.2017.7892231,hal-01619314
10.1109/vr.2019.8797826,hal-02084069
10.1109/vr.2019.8797848,hal-02284129
10.1109/vsmm.2017.8346302,hal-02068700
10.1109/vsmm.2017.8346303,hal-02068712
10.1111/j.1755-0998.2010.02916.x,hal-01094222
10.1111/ojoa.12133,hal-01869312
10.1115/detc2020-22563,hal-03296907
10.1115/esda2012-82608,hal-01521470
10.1115/esda2012-82824,hal-00817295
10.1117/12.525687,hal-00785283
10.1121/1.4777350,hal-01541215
10.1142/9789812702746_0018,hal-01552973
10.1145/1029632.1029677,inria-00550595
10.1145/1148613.1148626,inria-00550691
10.1145/1921264.1921283,hal-01092649
10.1145/2160125.2160143,hal-01521375
10.1145/2207216.2207220,hal-00783076
10.1145/2492494.2501896,hal-01880383
10.1145/2671015.2671022,hal-01812790
10.1145/2820619.2825019,hal-01219114
10.1145/2821592.2821606,hal-01222203
10.1145/3423603.3424057,hal-03258021
10.1177/2399808318816994,hal-01945663
10.1212/wnl.0000000000000315,hal-01251658
10.1260/1478-0771.8.4.507,hal-01502786
10.13130/2240-9599/3477,hal-00980754
10.13140/2.1.4715.2161,hal-01555296
10.15122/isbn.978-2-406-09288-9,hal-02281133
10.15122/isbn.978-2-406-10419-3.p.0243,hal-02586062
10.1515/9783035615159-134,halshs-01962310
10.1684/ers.2015.0797,hal-01347164
10.1684/ers.2020.1483,hal-03094976
10.17265/1934-7359/2018.10.001,hal-03249060
10.17265/1934-7359/2021.04.001,hal-03247987
10.17660/actahortic.2017.1170.6,hal-02505438
10.21278/idc.2018.0547,hal-01815341
10.22501/ruu.371052,halshs-02185436
10.2312/udmv.20161413,hal-01521335
10.23919/mva.2017.7986915,hal-01526972
10.25518/0774-7136.789,hal-01878768
10.26151/esapcestemps.net-1c2y-xb79,halshs-03098741
10.26151/espacestemps.net-87y1-es59,halshs-02298341
10.3166/isi.14.5.107-131,hal-01521145
10.3166/rig.24.101-130,hal-01345703
10.3166/rig.25.415-436,hal-01259330
10.3166/rig.25.75-98,hal-01150201
10.3167/arcs.2021.070101,hal-03329534
10.3233/idt-2011-0113,hal-01521142
10.3389/frobt.2014.00009,hal-01812797
10.3389/frobt.2018.00113,hal-01888990
10.3390/cli6010010,hal-01706788
10.3390/en9010032,hal-01583196
10.3390/environments5060064,halshs-01807909
10.3390/environments6010004,halshs-01982869
10.3390/info11090425,hal-02931923
10.3390/jimaging7080141,hal-03319808
10.3406/aru.1995.1884,halshs-03204360
10.3406/aru.2018.3270,halshs-02103422
10.3406/comm.2012.2652,hal-00978321
10.35007/gdp.gt42-wv50,halshs-03364093
10.35199/icdc.2020.11,hal-03296910
10.3917/comm.107.0796,hal-03417670
10.3917/dv.090.0155,hal-03207534
10.3917/esp.152.0181,halshs-01427608
10.3917/esp.178.0089,hal-02506597
10.3917/ethn.201.0065,hal-02986884
10.3917/lhs.192.0127,halshs-01246944
10.3917/mult.065.0184,hal-01629271
10.3917/parti.009.0125,hal-01083230
10.3917/ripc.264.0083,hal-03007006
10.3917/ror.141.0050,hal-02556606
10.3917/sopr.042.0021,halshs-03231390
10.4000/ambiances.3126,hal-02568176
10.4000/ambiances.485,halshs-03204170
10.4000/ambiances.509,hal-01533243
10.4000/ambiances.738,halshs-01958336
10.4000/articulo.2241,hal-00978325
10.4000/articulo.2271,hal-00978337
10.4000/articulo.2464,halshs-01316532
10.4000/articulo.2731,hal-02426686
10.4000/books.editionscnrs.37008,hal-03107657
10.4000/books.editionscnrs.37078,hal-03107655
10.4000/cps.3251,hal-02397480
10.4000/crau.563,halshs-00918760
10.4000/craup.1003,hal-02187403
10.4000/craup.2546,hal-02474409
10.4000/craup.2966,hal-02439177
10.4000/craup.3057,halshs-03234360
10.4000/craup.3647,halshs-02900430
10.4000/craup.370,hal-02426681
10.4000/craup.4606,hal-03273481
10.4000/craup.8625,hal-03402423
10.4000/cybergeo.25009,halshs-01345699
10.4000/cybergeo.27713,hal-01562969
10.4000/developpementdurable.12153,hal-02474296
10.4000/developpementdurable.9767,halshs-01246933
10.4000/espacepolitique.8570,hal-03238799
10.4000/gc.12327,hal-03248350
10.4000/gc.3969,hal-01519955
10.4000/insitu.27623,hal-02874766
10.4000/netcom.2668,hal-01712477
10.4000/paysage.7362,halshs-01592907
10.4000/ress.4033,hal-02527821
10.4000/rga.4088,hal-01995848
10.4000/slaveries.4305,hal-03238996
10.4000/sociologies.13079,hal-03156500
10.4000/tem.4661,hal-02426685
10.4000/tem.4773,hal-01995855
10.4000/teth.1009,hal-01672509
10.4000/vertigo.17411,halshs-01545545
10.4000/vertigo.23818,hal-02948549
10.4000/vertigo.25106,halshs-02294890
10.4018/ijepr.2019100103,hal-02320109
10.4236/jgis.2020.126036,hal-03060116
10.4236/jssm.2010.34049,hal-01345710
10.4337/9781789908619.00018,halshs-02935201
10.48465/fa.2020.1048,hal-03233772
10.48537/hal-03220242,hal-03220242
10.48537/hal-03220248,hal-03220248
10.48537/hal-03220249,hal-03220249
10.48537/hal-03220267,hal-03220267
10.48537/hal-03220269,hal-03220269
10.48537/hal-03220274,hal-03220274
10.48537/hal-03220297,hal-03220297
10.48537/hal-03220301,hal-03220301
10.48537/hal-03220306,hal-03220306
10.48537/hal-03220308,hal-03220308
10.48537/hal-03220311,hal-03220311
10.48537/hal-03220312,hal-03220312
10.48537/hal-03220314,hal-03220314
10.48537/hal-03220315,hal-03220315
10.48537/hal-03220323,hal-03220323
10.48537/hal-03220324,hal-03220324
10.48537/hal-03220329,hal-03220329
10.48537/hal-03220330,hal-03220330
10.48537/hal-03220332,hal-03220332
10.48537/hal-03220333,hal-03220333
10.48537/hal-03220337,hal-03220337
10.48537/hal-03220344,hal-03220344
10.48537/hal-03220354,hal-03220354
10.48537/hal-03220357,hal-03220357
10.48537/hal-03220365,hal-03220365
10.48537/hal-03220383,hal-03220383
10.4995/lc2015.2015,halshs-01246813
10.4995/lc2015.2015.659,halshs-01231328
10.4995/var.2013.4319,hal-01617643
10.5194/gmd-10-385-2017,hal-02368820
10.5194/isprs-annals-iv-4-w3-63-2017,hal-01712515
10.5194/isprs-archives-xliii-b4-2020-623-2020,hal-02932206
10.5194/isprsarchives-xxxviii-3-w22-77-2011,hal-02552445
10.5220/0008978600880099,hal-02932169
10.5772/intechopen.88449,halshs-02460557
10.7202/1027737ar,halshs-01246803
10.7202/1030952ar,halshs-01711126
,hal-00285872
,hal-00285890
,hal-00285896
,hal-00285945
,hal-00329500
,hal-00329503
,hal-00329504
,hal-00329505
,hal-00358740
,hal-00380100
,hal-00380262
,hal-00394343
,hal-00439267
,hal-00485141
,hal-00488962
,hal-00488978
,hal-00488996
,hal-00542415
,hal-00585088
,hal-00605233
,hal-00605240
,hal-00614951
,hal-00634042
,hal-00634058
,hal-00671976
,hal-00736628
,hal-00780739
,hal-00783543
,hal-00783761
,hal-00784401
,hal-00785288
,hal-00785295
,hal-00785303
,hal-00785304
,hal-00785346
,hal-00785352
,hal-00785419
,hal-00785424
,hal-00785443
,hal-00785453
,hal-00785613
,hal-00786465
,hal-00786603
,hal-00786604
,hal-00786760
,hal-00786768
,hal-00810612
,hal-00816843
,hal-00910594
,hal-00910596
,hal-00910609
,hal-00910659
,hal-00911154
,hal-00923808
,hal-00968248
,hal-00974804
,hal-00974805
,hal-00975415
,hal-00978318
,hal-00978320
,hal-00978322
,hal-00978323
,hal-00978327
,hal-00978331
,hal-00978332
,hal-00978333
,hal-00978334
,hal-00978335
,hal-00978336
,hal-00978338
,hal-00978340
,hal-00978341
,hal-00978343
,hal-00978345
,hal-00980727
,hal-00980728
,hal-00980729
,hal-00980730
,hal-00980732
,hal-00980734
,hal-00980735
,hal-00980736
,hal-00980737
,hal-00980739
,hal-00980740
,hal-00980742
,hal-00980743
,hal-00980744
,hal-00980746
,hal-00980748
,hal-00980749
,hal-00980751
,hal-00980752
,hal-00980755
,hal-00980759
,hal-00993604
,hal-00993606
,hal-00993607
,hal-00993609
,hal-00993611
,hal-00993613
,hal-00993614
,hal-00993615
,hal-00993616
,hal-00993617
,hal-00993618
,hal-00993622
,hal-00993623
,hal-00993625
,hal-00993626
,hal-00993627
,hal-00993628
,hal-00993629
,hal-00993631
,hal-00993632
,hal-00993633
,hal-00993634
,hal-00993636
,hal-00993637
,hal-00993638
,hal-00993639
,hal-00993640
,hal-00993641
,hal-00993642
,hal-00993643
,hal-00993645
,hal-00993646
,hal-00993650
,hal-00993651
,hal-00993654
,hal-00993655
,hal-00993656
,hal-00993658
,hal-00993659
,hal-00993660
,hal-00993661
,hal-00993662
,hal-00993663
,hal-00993664
,hal-00993665
,hal-00993666
,hal-00993667
,hal-00993668
,hal-00993669
,hal-00993670
,hal-00993671
,hal-00993686
,hal-00993687
,hal-00993688
,hal-00993689
,hal-00993690
,hal-00993691
,hal-00993692
,hal-00993693
,hal-00993694
,hal-00993695
,hal-00993697
,hal-00993698
,hal-00993699
,hal-00993700
,hal-00993701
,hal-00993702
,hal-00993703
,hal-00993705
,hal-00993706
,hal-00993707
,hal-00993708
,hal-00993710
,hal-00993711
,hal-00993735
,hal-00993736
,hal-00993738
,hal-00993740
,hal-00993741
,hal-00993742
,hal-00993743
,hal-00993744
,hal-00993760
,hal-00993761
,hal-00993762
,hal-00993763
,hal-00993764
,hal-00993765
,hal-00993766
,hal-00993768
,hal-00995433
,hal-00995434
,hal-00995435
,hal-00995436
,hal-00995438
,hal-00995439
,hal-00995440
,hal-00995441
,hal-00995442
,hal-00995443
,hal-00995444
,hal-00995445
,hal-00995447
,hal-00995448
,hal-00995449
,hal-00995450
,hal-00995452
,hal-00995453
,hal-00995454
,hal-00995455
,hal-00995456
,hal-00995457
,hal-00995458
,hal-00995459
,hal-00995460
,hal-00995461
,hal-00995462
,hal-00995463
,hal-00995464
,hal-00995468
,hal-00995469
,hal-00995470
,hal-00995471
,hal-00995472
,hal-00995473
,hal-00995474
,hal-00995475
,hal-00995476
,hal-00995478
,hal-00995479
,hal-00995480
,hal-00995483
,hal-00995484
,hal-00995485
,hal-00995486
,hal-00995489
,hal-00995491
,hal-00995492
,hal-00995493
,hal-00995494
,hal-00995495
,hal-00995496
,hal-00995497
,hal-00995498
,hal-00995500
,hal-00995501
,hal-00995502
,hal-00995503
,hal-00995504
,hal-00995507
,hal-00995509
,hal-00995510
,hal-00995511
,hal-00995514
,hal-00995515
,hal-00995546
,hal-00995547
,hal-00995548
,hal-00995549
,hal-00995550
,hal-00995551
,hal-00995552
,hal-00995554
,hal-00995555
,hal-00995556
,hal-00995557
,hal-00995558
,hal-00995559
,hal-00995560
,hal-00995561
,hal-00995563
,hal-00995564
,hal-00995565
,hal-00995566
,hal-00995567
,hal-00995568
,hal-00995569
,hal-00995570
,hal-00995571
,hal-00995572
,hal-00995914
,hal-01062341
,hal-01113932
,hal-01141840
,hal-01155846
,hal-01155852
,hal-01164452
,hal-01164456
,hal-01175874
,hal-01175877
,hal-01175883
,hal-01188209
,hal-01194465
,hal-01213548
,hal-01219222
,hal-01220526
,hal-01221384
,hal-01226350
,hal-01241177
,hal-01241194
,hal-01242206
,hal-01245453
,hal-01245455
,hal-01245459
,hal-01248567
,hal-01263192
,hal-01274934
,hal-01274986
,hal-01275009
,hal-01275040
,hal-01275068
,hal-01275083
,hal-01276772
,hal-01295465
,hal-01295476
,hal-01300649
,hal-01315220
,hal-01315242
,hal-01324053
,hal-01324078
,hal-01329306
,hal-01341181
,hal-01341194
,hal-01346847
,hal-01347157
,hal-01347179
,hal-01347228
,hal-01347252
,hal-01347325
,hal-01347499
,hal-01347580
,hal-01356246
,hal-01358228
,hal-01361440
,hal-01363682
,hal-01364087
,hal-01373799
,hal-01389060
,hal-01389076
,hal-01402727
,hal-01404359
,hal-01404360
,hal-01404361
,hal-01404362
,hal-01404363
,hal-01404364
,hal-01404365
,hal-01404366
,hal-01404367
,hal-01404368
,hal-01404369
,hal-01404370
,hal-01404371
,hal-01404372
,hal-01404373
,hal-01404374
,hal-01404375
,hal-01404376
,hal-01404377
,hal-01404378
,hal-01404379
,hal-01404380
,hal-01404382
,hal-01404383
,hal-01404440
,hal-01404441
,hal-01404442
,hal-01404443
,hal-01404444
,hal-01404445
,hal-01404446
,hal-01409618
,hal-01409714
,hal-01412287
,hal-01414019
,hal-01414063
,hal-01414080
,hal-01414239
,hal-01419363
,hal-01428653
,hal-01428779
,hal-01459043
,hal-01483440
,hal-01483443
,hal-01488320
,hal-01491479
,hal-01493219
,hal-01493297
,hal-01493299
,hal-01501170
,hal-01502105
,hal-01502443
,hal-01502814
,hal-01505442
,hal-01505443
,hal-01505444
,hal-01505446
,hal-01508973
,hal-01508976
,hal-01509173
,hal-01516782
,hal-01516784
,hal-01516785
,hal-01516813
,hal-01518090
,hal-01518091
,hal-01518092
,hal-01518094
,hal-01518095
,hal-01518096
,hal-01518097
,hal-01518098
,hal-01518175
,hal-01518176
,hal-01518177
,hal-01518178
,hal-01518180
,hal-01518311
,hal-01518312
,hal-01519893
,hal-01520075
,hal-01520076
,hal-01520077
,hal-01520078
,hal-01521471
,hal-01521484
,hal-01521485
,hal-01521486
,hal-01521497
,hal-01521499
,hal-01521507
,hal-01521508
,hal-01521509
,hal-01521510
,hal-01521511
,hal-01521512
,hal-01521513
,hal-01521514
,hal-01521515
,hal-01521516
,hal-01521517
,hal-01521520
,hal-01521521
,hal-01521549
,hal-01521552
,hal-01521554
,hal-01521555
,hal-01529292
,hal-01533246
,hal-01533255
,hal-01535908
,hal-01535997
,hal-01536204
,hal-01541120
,hal-01542934
,hal-01545627
,hal-01545632
,hal-01552932
,hal-01555295
,hal-01560019
,hal-01560039
,hal-01560048
,hal-01560105
,hal-01560138
,hal-01560163
,hal-01560172
,hal-01561162
,hal-01561242
,hal-01561340
,hal-01561360
,hal-01561382
,hal-01561405
,hal-01561432
,hal-01561455
,hal-01561579
,hal-01561625
,hal-01561723
,hal-01561759
,hal-01561772
,hal-01561784
,hal-01561799
,hal-01561808
,hal-01563964
,hal-01564466
,hal-01564489
,hal-01564787
,hal-01566456
,hal-01566474
,hal-01566645
,hal-01566792
,hal-01566980
,hal-01578016
,hal-01578017
,hal-01578696
,hal-01578697
,hal-01578698
,hal-01578699
,hal-01578700
,hal-01579455
,hal-01585308
,hal-01585326
,hal-01586746
,hal-01586771
,hal-01590591
,hal-01590961
,hal-01598512
,hal-01598569
,hal-01599326
,hal-01599328
,hal-01599331
,hal-01599341
,hal-01599398
,hal-01599413
,hal-01599415
,hal-01599526
,hal-01612777
,hal-01612786
,hal-01612792
,hal-01623820
,hal-01625607
,hal-01625955
,hal-01625956
,hal-01626057
,hal-01640585
,hal-01640639
,hal-01653048
,hal-01674139
,hal-01691035
,hal-01698958
,hal-01735431
,hal-01735451
,hal-01735452
,hal-01735453
,hal-01745133
,hal-01812149
,hal-01812771
,hal-01817052
,hal-01826309
,hal-01826345
,hal-01826352
,hal-01826891
,hal-01846886
,hal-01847696
,hal-01854402
,hal-01868782
,hal-01878779
,hal-01878786
,hal-01878790
,hal-01878909
,hal-01878926
,hal-01878938
,hal-01878947
,hal-01878986
,hal-01879561
,hal-01879570
,hal-01879780
,hal-01879781
,hal-01879784
,hal-01879786
,hal-01879788
,hal-01879789
,hal-01879790
,hal-01879791
,hal-01879792
,hal-01879793
,hal-01879794
,hal-01879795
,hal-01879803
,hal-01879805
,hal-01879806
,hal-01879807
,hal-01879808
,hal-01879809
,hal-01879810
,hal-01879811
,hal-01879812
,hal-01879814
,hal-01879815
,hal-01879816
,hal-01879817
,hal-01879818
,hal-01880405
,hal-01882685
,hal-01886245
,hal-01886248
,hal-01887504
,hal-01888121
,hal-01890090
,hal-01890256
,hal-01891025
,hal-01894636
,hal-01895401
,hal-01906640
,hal-01907489
,hal-01913383
,hal-01916562
,hal-01931440
,hal-01935153
,hal-01935161
,hal-01946755
,hal-01952651
,hal-01961097
,hal-01961113
,hal-01963014
,hal-01967270
,hal-01968627
,hal-01972376
,hal-01972758
,hal-01972764
,hal-01972765
,hal-01972767
,hal-01972769
,hal-01972772
,hal-01973453
,hal-01973489
,hal-01977551
,hal-01983492
,hal-02011814
,hal-02013767
,hal-02013783
,hal-02016745
,hal-02016748
,hal-02016753
,hal-02020426
,hal-02044920
,hal-02044924
,hal-02044985
,hal-02044993
,hal-02045001
,hal-02045006
,hal-02047576
,hal-02047719
,hal-02053994
,hal-02068612
,hal-02068666
,hal-02068673
,hal-02068684
,hal-02068689
,hal-02102493
,hal-02103993
,hal-02103994
,hal-02103996
,hal-02103997
,hal-02103999
,hal-02104000
,hal-02104001
,hal-02104002
,hal-02104003
,hal-02104005
,hal-02104006
,hal-02104007
,hal-02104008
,hal-02104009
,hal-02104059
,hal-02104060
,hal-02104061
,hal-02104062
,hal-02104063
,hal-02104064
,hal-02104065
,hal-02104066
,hal-02104067
,hal-02104068
,hal-02104072
,hal-02104073
,hal-02104249
,hal-02104250
,hal-02104251
,hal-02104253
,hal-02104254
,hal-02104255
,hal-02104256
,hal-02104257
,hal-02104258
,hal-02104259
,hal-02104260
,hal-02104261
,hal-02104262
,hal-02104263
,hal-02104264
,hal-02104265
,hal-02104266
,hal-02104267
,hal-02104268
,hal-02104269
,hal-02104270
,hal-02104271
,hal-02104272
,hal-02104273
,hal-02104274
,hal-02104275
,hal-02104276
,hal-02105506
,hal-02121293
,hal-02124020
,hal-02135582
,hal-02148513
,hal-02154849
,hal-02158020
,hal-02158035
,hal-02161255
,hal-02161275
,hal-02161297
,hal-02163944
,hal-02164429
,hal-02164498
,hal-02164510
,hal-02164544
,hal-02164588
,hal-02172195
,hal-02173025
,hal-02185041
,hal-02188465
,hal-02200822
,hal-02288691
,hal-02327376
,hal-02444013
,hal-02446812
,hal-02447045
,hal-02447202
,hal-02448926
,hal-02449001
,hal-02449091
,hal-02449228
,hal-02449719
,hal-02451939
,hal-02452087
,hal-02452257
,hal-02452280
,hal-02458318
,hal-02458349
,hal-02458386
,hal-02460646
,hal-02460793
,hal-02461066
,hal-02461629
,hal-02462066
,hal-02462082
,hal-02462094
,hal-02462134
,hal-02462142
,hal-02462206
,hal-02462234
,hal-02466323
,hal-02466446
,hal-02466475
,hal-02472437
,hal-02472453
,hal-02472520
,hal-02472549
,hal-02472973
,hal-02473018
,hal-02474323
,hal-02474395
,hal-02474479
,hal-02475064
,hal-02475580
,hal-02475749
,hal-02475915
,hal-02476113
,hal-02476255
,hal-02476418
,hal-02477926
,hal-02478707
,hal-02486821
,hal-02490339
,hal-02492469
,hal-02498190
,hal-02501620
,hal-02501623
,hal-02506655
,hal-02506687
,hal-02533978
,hal-02534033
,hal-02539333
,hal-02539336
,hal-02540057
,hal-02543565
,hal-02551762
,hal-02555735
,hal-02555741
,hal-02558066
,hal-02559133
,hal-02562878
,hal-02562925
,hal-02563010
,hal-02568178
,hal-02568186
,hal-02569426
,hal-02648646
,hal-02762825
,hal-02868926
,hal-02870488
,hal-02877817
,hal-02877854
,hal-02877869
,hal-02877881
,hal-02883354
,hal-02886073
,hal-02940691
,hal-02943631
,hal-02962796
,hal-02969607
,hal-02973272
,hal-02975677
,hal-02985293
,hal-02985305
,hal-02991958
,hal-02998784
,hal-03023816
,hal-03053936
,hal-03068405
,hal-03080129
,hal-03087204
,hal-03091638
,hal-03091648
,hal-03091657
,hal-03093808
,hal-03109498
,hal-03109540
,hal-03114118
,hal-03118451
,hal-03121591
,hal-03136469
,hal-03142025
,hal-03156481
,hal-03156551
,hal-03156566
,hal-03169583
,hal-03169668
,hal-03174902
,hal-03178858
,hal-03197707
,hal-03197710
,hal-03197714
,hal-03205491
,hal-03220253
,hal-03227817
,hal-03227828
,hal-03227833
,hal-03227838
,hal-03227839
,hal-03227842
,hal-03239002
,hal-03241005
,hal-03244140
,hal-03244162
,hal-03244327
,hal-03244350
,hal-03244367
,hal-03244547
,hal-03244561
,hal-03248174
,hal-03248193
,hal-03248205
,hal-03248212
,hal-03248218
,hal-03248263
,hal-03248272
,hal-03248296
,hal-03248300
,hal-03248325
,hal-03249279
,hal-03249359
,hal-03249372
,hal-03249378
,hal-03250005
,hal-03250069
,hal-03250077
,hal-03250081
,hal-03250092
,hal-03252703
,hal-03254114
,hal-03254766
,hal-03257038
,hal-03257500
,hal-03257513
,hal-03257936
,hal-03258578
,hal-03259827
,hal-03273384
,hal-03273399
,hal-03273413
,hal-03273430
,hal-03273487
,hal-03273562
,hal-03281206
,hal-03281219
,hal-03283198
,hal-03283207
,hal-03283225
,hal-03283242
,hal-03290511
,hal-03321727
,hal-03329519
,hal-03334500
,hal-03340366
,hal-03343653
,hal-03358540
,hal-03368426
,hal-03368466
,hal-03381906
,hal-03383966
,hal-03384835
,hal-03384949
,hal-03395037
,hal-03395103
,hal-03400569
,hal-03400582
,hal-03424019
,hal-03424042
,hal-03448335
,hal-03448645
,hal-03448693
,hal-03448866
,hal-03448945
,hal-03477197
,halshs-00068117
,halshs-00087639
,halshs-00087777
,halshs-00087778
,halshs-00087785
,halshs-00087795
,halshs-00087817
,halshs-00087893
,halshs-00112108
,halshs-00112117
,halshs-00112167
,halshs-00112184
,halshs-00112189
,halshs-00112653
,halshs-00143190
,halshs-00143207
,halshs-00143380
,halshs-00143427
,halshs-00353003
,halshs-00353019
,halshs-00354155
,halshs-00378368
,halshs-00378393
,halshs-00378418
,halshs-00379458
,halshs-00379473
,halshs-00379493
,halshs-00379498
,halshs-00379907
,halshs-00380022
,halshs-00380037
,halshs-00380077
,halshs-00380121
,halshs-00380123
,halshs-00380126
,halshs-00380133
,halshs-00380140
,halshs-00380151
,halshs-00383284
,halshs-00388489
,halshs-00389235
,halshs-00389261
,halshs-00395069
,halshs-00395082
,halshs-00395083
,halshs-00418333
,halshs-00441985
,halshs-00441991
,halshs-00450039
,halshs-00502589
,halshs-00502591
,halshs-00503805
,halshs-00504988
,halshs-00567901
,halshs-00567910
,halshs-00568180
,halshs-00572362
,halshs-00572413
,halshs-00572944
,halshs-00573354
,halshs-00573755
,halshs-00574248
,halshs-00574278
,halshs-00574284
,halshs-00575912
,halshs-00576022
,halshs-00576275
,halshs-00576281
,halshs-00576703
,halshs-00580040
,halshs-00596748
,halshs-00596759
,halshs-00596761
,halshs-00596763
,halshs-00596769
,halshs-00596780
,halshs-00596784
,halshs-00596826
,halshs-00596831
,halshs-00596874
,halshs-00605292
,halshs-00605300
,halshs-00605335
,halshs-00623175
,halshs-00703246
,halshs-00715905
,halshs-00715914
,halshs-00715915
,halshs-00715938
,halshs-00715945
,halshs-00736270
,halshs-00744911
,halshs-00744924
,halshs-00745839
,halshs-00745840
,halshs-00745841
,halshs-00745866
,halshs-00745867
,halshs-00745868
,halshs-00745869
,halshs-00745870
,halshs-00745871
,halshs-00745872
,halshs-00745873
,halshs-00745874
,halshs-00745875
,halshs-00745876
,halshs-00745877
,halshs-00745878
,halshs-00745879
,halshs-00745880
,halshs-00745881
,halshs-00745882
,halshs-00745929
,halshs-00745935
,halshs-00745972
,halshs-00746478
,halshs-00750924
,halshs-00762720
,halshs-00771660
,halshs-00784703
,halshs-00833920
,halshs-00833922
,halshs-00833923
,halshs-00833924
,halshs-00833926
,halshs-00833928
,halshs-00833930
,halshs-00833932
,halshs-00833933
,halshs-00833934
,halshs-00833936
,halshs-00833937
,halshs-00833938
,halshs-00833966
,halshs-00834404
,halshs-00869848
,halshs-00932872
,halshs-00938242
,halshs-00980639
,halshs-00981527
,halshs-01093171
,halshs-01093395
,halshs-01128922
,halshs-01192784
,halshs-01193303
,halshs-01193314
,halshs-01193317
,halshs-01193321
,halshs-01193331
,halshs-01193333
,halshs-01196227
,halshs-01196231
,halshs-01224237
,halshs-01229580
,halshs-01229581
,halshs-01246806
,halshs-01246925
,halshs-01246934
,halshs-01246940
,halshs-01246943
,halshs-01249639
,halshs-01249642
,halshs-01249644
,halshs-01249645
,halshs-01249648
,halshs-01249649
,halshs-01295498
,halshs-01295521
,halshs-01295544
,halshs-01295558
,halshs-01418064
,halshs-01418310
,halshs-01468043
,halshs-01475018
,halshs-01475025
,halshs-01475032
,halshs-01475048
,halshs-01475053
,halshs-01475077
,halshs-01501479
,halshs-01566962
,halshs-01567013
,halshs-01582542
,halshs-01592817
,halshs-01615271
,halshs-01700384
,halshs-01700488
,halshs-01704465
,halshs-01711029
,halshs-01807914
,halshs-01807918
,halshs-01811233
,halshs-01842078
,halshs-01894703
,halshs-01894705
,halshs-01925359
,halshs-01972707
,halshs-01972710
,halshs-01972713
,halshs-01972720
,halshs-02002470
,halshs-02103285
,halshs-02181882
,halshs-02181903
,halshs-02181915
,halshs-02181923
,halshs-02181937
,halshs-02181950
,halshs-02181957
,halshs-02186843
,halshs-02189179
,halshs-02193877
,halshs-02299122
,halshs-02299612
,halshs-02299796
,halshs-02319356
,halshs-02319363
,halshs-02319364
,halshs-02319810
,halshs-02464640
,halshs-02464653
,halshs-02470238
,halshs-02472134
,halshs-02472137
,halshs-02472147
,halshs-02472154
,halshs-02472303
,halshs-02472416
,halshs-02475183
,halshs-02475644
,halshs-02475709
,halshs-02475829
,halshs-02475888
,halshs-02479825
,halshs-02530943
,halshs-02943484
,halshs-02965588
,halshs-02965708
,halshs-02965884
,halshs-02975192
,halshs-02982219
,halshs-03007601
,halshs-03066959
,halshs-03067906
,halshs-03083992
,halshs-03083995
,halshs-03083997
,halshs-03083998
,halshs-03083999
,halshs-03137452
,halshs-03203935
,halshs-03204150
,halshs-03204205
,halshs-03204625
,halshs-03242897
,halshs-03242922
,halshs-03274055
,halshs-03274064
,halshs-03364126
,halshs-03372711
,inria-00550591
